﻿<?xml version="1.0" encoding="utf-8"?>
<HelpTOC>

  <HelpTOCNode Title="Start" Url="html/ccefe60f-e9ae-412d-88f8-5c9cd2c98a0a.htm" />
  <HelpTOCNode Title="Assemblies" Url="html/b63e72a8-f17e-48cb-be8f-5f34333c9c26.htm" />
  <HelpTOCNode Id="55810d60-14e6-4322-8b70-7571ca81b36a" Title="Namespaces" Url="html/R_Project_RI_Abstractions.htm">
    <HelpTOCNode Id="8e82e837-e468-4520-8e11-c3ef193f9af1" Title="RI.Abstractions.Builder" Url="html/N_RI_Abstractions_Builder.htm">
      <HelpTOCNode Id="04f9b851-2ada-46bb-a0a2-a86a2b72c8eb" Title="BuilderBase Class" Url="html/T_RI_Abstractions_Builder_BuilderBase.htm">
        <HelpTOCNode Title="BuilderBase Constructor " Url="html/M_RI_Abstractions_Builder_BuilderBase__ctor.htm" />
        <HelpTOCNode Id="75726278-6fe6-4923-9361-511a60cf3466" Title="BuilderBase Properties" Url="html/Properties_T_RI_Abstractions_Builder_BuilderBase.htm">
          <HelpTOCNode Title="AlreadyBuilt Property " Url="html/P_RI_Abstractions_Builder_BuilderBase_AlreadyBuilt.htm" />
          <HelpTOCNode Title="Registrations Property " Url="html/P_RI_Abstractions_Builder_BuilderBase_Registrations.htm" />
        </HelpTOCNode>
        <HelpTOCNode Id="346ef19b-a56e-4e93-bb93-866a98dfaf79" Title="BuilderBase Methods" Url="html/Methods_T_RI_Abstractions_Builder_BuilderBase.htm">
          <HelpTOCNode Title="Build Method " Url="html/M_RI_Abstractions_Builder_BuilderBase_Build.htm" />
          <HelpTOCNode Title="PerformRegistrations Method " Url="html/M_RI_Abstractions_Builder_BuilderBase_PerformRegistrations.htm" />
          <HelpTOCNode Title="PrepareRegistrations Method " Url="html/M_RI_Abstractions_Builder_BuilderBase_PrepareRegistrations.htm" />
        </HelpTOCNode>
      </HelpTOCNode>
      <HelpTOCNode Id="c201048a-5e45-4005-af01-bdb36ff3169b" Title="BuilderException Class" Url="html/T_RI_Abstractions_Builder_BuilderException.htm">
        <HelpTOCNode Id="8080c9eb-d7ca-4114-9fbb-481733d80842" Title="BuilderException Constructor " Url="html/Overload_RI_Abstractions_Builder_BuilderException__ctor.htm">
          <HelpTOCNode Title="BuilderException Constructor " Url="html/M_RI_Abstractions_Builder_BuilderException__ctor.htm" />
          <HelpTOCNode Title="BuilderException Constructor (Exception)" Url="html/M_RI_Abstractions_Builder_BuilderException__ctor_1.htm" />
          <HelpTOCNode Title="BuilderException Constructor (String)" Url="html/M_RI_Abstractions_Builder_BuilderException__ctor_3.htm" />
          <HelpTOCNode Title="BuilderException Constructor (SerializationInfo, StreamingContext)" Url="html/M_RI_Abstractions_Builder_BuilderException__ctor_2.htm" />
          <HelpTOCNode Title="BuilderException Constructor (String, Exception)" Url="html/M_RI_Abstractions_Builder_BuilderException__ctor_4.htm" />
        </HelpTOCNode>
        <HelpTOCNode Title="BuilderException Properties" Url="html/Properties_T_RI_Abstractions_Builder_BuilderException.htm" />
        <HelpTOCNode Title="BuilderException Methods" Url="html/Methods_T_RI_Abstractions_Builder_BuilderException.htm" />
        <HelpTOCNode Title="BuilderException Events" Url="html/Events_T_RI_Abstractions_Builder_BuilderException.htm" />
      </HelpTOCNode>
      <HelpTOCNode Id="5f5fabba-8e5a-4aa9-9573-caa257cc697a" Title="IBuilder Interface" Url="html/T_RI_Abstractions_Builder_IBuilder.htm">
        <HelpTOCNode Id="d29bfda6-5b9a-4631-b043-ea9e49ba5b93" Title="IBuilder Properties" Url="html/Properties_T_RI_Abstractions_Builder_IBuilder.htm">
          <HelpTOCNode Title="AlreadyBuilt Property " Url="html/P_RI_Abstractions_Builder_IBuilder_AlreadyBuilt.htm" />
          <HelpTOCNode Title="Registrations Property " Url="html/P_RI_Abstractions_Builder_IBuilder_Registrations.htm" />
        </HelpTOCNode>
        <HelpTOCNode Id="613f27f2-eee9-4b71-b794-f7532b33c752" Title="IBuilder Methods" Url="html/Methods_T_RI_Abstractions_Builder_IBuilder.htm">
          <HelpTOCNode Title="Build Method " Url="html/M_RI_Abstractions_Builder_IBuilder_Build.htm" />
        </HelpTOCNode>
      </HelpTOCNode>
      <HelpTOCNode Id="43fee487-4190-4065-b9cf-fb1b418291db" Title="IBuilderExtensions Class" Url="html/T_RI_Abstractions_Builder_IBuilderExtensions.htm">
        <HelpTOCNode Id="16ec39e1-b18a-46dc-9408-41a46c57de45" Title="IBuilderExtensions Methods" Url="html/Methods_T_RI_Abstractions_Builder_IBuilderExtensions.htm">
          <HelpTOCNode Id="daee3f92-5914-45f9-853f-e9784f7256b1" Title="AddDefaultSingleton Method " Url="html/Overload_RI_Abstractions_Builder_IBuilderExtensions_AddDefaultSingleton.htm">
            <HelpTOCNode Title="AddDefaultSingleton Method (IBuilder, Type, Func(IServiceProvider, Object))" Url="html/M_RI_Abstractions_Builder_IBuilderExtensions_AddDefaultSingleton.htm" />
            <HelpTOCNode Title="AddDefaultSingleton Method (IBuilder, Type, Object)" Url="html/M_RI_Abstractions_Builder_IBuilderExtensions_AddDefaultSingleton_1.htm" />
            <HelpTOCNode Title="AddDefaultSingleton Method (IBuilder, Type, Type)" Url="html/M_RI_Abstractions_Builder_IBuilderExtensions_AddDefaultSingleton_2.htm" />
          </HelpTOCNode>
          <HelpTOCNode Id="9c59f252-325d-4995-b397-5475e19a2d9a" Title="AddDefaultTemporary Method " Url="html/Overload_RI_Abstractions_Builder_IBuilderExtensions_AddDefaultTemporary.htm">
            <HelpTOCNode Title="AddDefaultTemporary Method (IBuilder, Type, Func(IServiceProvider, Object))" Url="html/M_RI_Abstractions_Builder_IBuilderExtensions_AddDefaultTemporary.htm" />
            <HelpTOCNode Title="AddDefaultTemporary Method (IBuilder, Type, Object)" Url="html/M_RI_Abstractions_Builder_IBuilderExtensions_AddDefaultTemporary_1.htm" />
            <HelpTOCNode Title="AddDefaultTemporary Method (IBuilder, Type, Type)" Url="html/M_RI_Abstractions_Builder_IBuilderExtensions_AddDefaultTemporary_2.htm" />
          </HelpTOCNode>
          <HelpTOCNode Id="9b9de263-c088-4752-9f45-0120aabe4eaa" Title="AddDefaultTransient Method " Url="html/Overload_RI_Abstractions_Builder_IBuilderExtensions_AddDefaultTransient.htm">
            <HelpTOCNode Title="AddDefaultTransient Method (IBuilder, Type, Func(IServiceProvider, Object))" Url="html/M_RI_Abstractions_Builder_IBuilderExtensions_AddDefaultTransient.htm" />
            <HelpTOCNode Title="AddDefaultTransient Method (IBuilder, Type, Type)" Url="html/M_RI_Abstractions_Builder_IBuilderExtensions_AddDefaultTransient_1.htm" />
          </HelpTOCNode>
          <HelpTOCNode Id="c2d27c85-6836-413c-9791-5dd83b14bb36" Title="AddSingleton Method " Url="html/Overload_RI_Abstractions_Builder_IBuilderExtensions_AddSingleton.htm">
            <HelpTOCNode Title="AddSingleton Method (IBuilder, Type, Func(IServiceProvider, Object), Boolean)" Url="html/M_RI_Abstractions_Builder_IBuilderExtensions_AddSingleton.htm" />
            <HelpTOCNode Title="AddSingleton Method (IBuilder, Type, Object, Boolean)" Url="html/M_RI_Abstractions_Builder_IBuilderExtensions_AddSingleton_1.htm" />
            <HelpTOCNode Title="AddSingleton Method (IBuilder, Type, Type, Boolean)" Url="html/M_RI_Abstractions_Builder_IBuilderExtensions_AddSingleton_2.htm" />
          </HelpTOCNode>
          <HelpTOCNode Id="9c3b219a-10f9-4db2-97b6-27516305e12c" Title="AddTemporary Method " Url="html/Overload_RI_Abstractions_Builder_IBuilderExtensions_AddTemporary.htm">
            <HelpTOCNode Title="AddTemporary Method (IBuilder, Type, Func(IServiceProvider, Object))" Url="html/M_RI_Abstractions_Builder_IBuilderExtensions_AddTemporary.htm" />
            <HelpTOCNode Title="AddTemporary Method (IBuilder, Type, Object)" Url="html/M_RI_Abstractions_Builder_IBuilderExtensions_AddTemporary_1.htm" />
            <HelpTOCNode Title="AddTemporary Method (IBuilder, Type, Type)" Url="html/M_RI_Abstractions_Builder_IBuilderExtensions_AddTemporary_2.htm" />
          </HelpTOCNode>
          <HelpTOCNode Id="876e0881-08c9-4c79-abb8-13930e8f90cb" Title="AddTransient Method " Url="html/Overload_RI_Abstractions_Builder_IBuilderExtensions_AddTransient.htm">
            <HelpTOCNode Title="AddTransient Method (IBuilder, Type, Func(IServiceProvider, Object), Boolean)" Url="html/M_RI_Abstractions_Builder_IBuilderExtensions_AddTransient.htm" />
            <HelpTOCNode Title="AddTransient Method (IBuilder, Type, Type, Boolean)" Url="html/M_RI_Abstractions_Builder_IBuilderExtensions_AddTransient_1.htm" />
          </HelpTOCNode>
          <HelpTOCNode Title="BuildStandalone Method " Url="html/M_RI_Abstractions_Builder_IBuilderExtensions_BuildStandalone.htm" />
          <HelpTOCNode Title="CountContracts Method " Url="html/M_RI_Abstractions_Builder_IBuilderExtensions_CountContracts.htm" />
          <HelpTOCNode Title="GetContract Method " Url="html/M_RI_Abstractions_Builder_IBuilderExtensions_GetContract.htm" />
          <HelpTOCNode Title="GetContracts Method " Url="html/M_RI_Abstractions_Builder_IBuilderExtensions_GetContracts.htm" />
          <HelpTOCNode Id="16bc0201-b075-4b1f-9d7b-2b8df7f579ab" Title="GetInstance Method " Url="html/Overload_RI_Abstractions_Builder_IBuilderExtensions_GetInstance.htm">
            <HelpTOCNode Title="GetInstance(TContract) Method (IBuilder)" Url="html/M_RI_Abstractions_Builder_IBuilderExtensions_GetInstance__1.htm" />
            <HelpTOCNode Title="GetInstance Method (IBuilder, CompositionRegistration)" Url="html/M_RI_Abstractions_Builder_IBuilderExtensions_GetInstance.htm" />
            <HelpTOCNode Title="GetInstance Method (IBuilder, Type)" Url="html/M_RI_Abstractions_Builder_IBuilderExtensions_GetInstance_1.htm" />
          </HelpTOCNode>
          <HelpTOCNode Id="e0800a7d-df03-4747-abe8-6da1df83b8ce" Title="GetInstances Method " Url="html/Overload_RI_Abstractions_Builder_IBuilderExtensions_GetInstances.htm">
            <HelpTOCNode Title="GetInstances(TContract) Method (IBuilder)" Url="html/M_RI_Abstractions_Builder_IBuilderExtensions_GetInstances__1.htm" />
            <HelpTOCNode Title="GetInstances Method (IBuilder, Type)" Url="html/M_RI_Abstractions_Builder_IBuilderExtensions_GetInstances.htm" />
          </HelpTOCNode>
          <HelpTOCNode Title="GetServiceProvider Method " Url="html/M_RI_Abstractions_Builder_IBuilderExtensions_GetServiceProvider.htm" />
          <HelpTOCNode Title="RemoveContracts Method " Url="html/M_RI_Abstractions_Builder_IBuilderExtensions_RemoveContracts.htm" />
          <HelpTOCNode Title="RemoveTemporaryContracts Method " Url="html/M_RI_Abstractions_Builder_IBuilderExtensions_RemoveTemporaryContracts.htm" />
          <HelpTOCNode Title="ThrowIfAlreadyBuilt Method " Url="html/M_RI_Abstractions_Builder_IBuilderExtensions_ThrowIfAlreadyBuilt.htm" />
          <HelpTOCNode Title="ThrowIfNotExactContractCount Method " Url="html/M_RI_Abstractions_Builder_IBuilderExtensions_ThrowIfNotExactContractCount.htm" />
          <HelpTOCNode Title="ThrowIfNotMaxContractCount Method " Url="html/M_RI_Abstractions_Builder_IBuilderExtensions_ThrowIfNotMaxContractCount.htm" />
          <HelpTOCNode Title="ThrowIfNotMinContractCount Method " Url="html/M_RI_Abstractions_Builder_IBuilderExtensions_ThrowIfNotMinContractCount.htm" />
          <HelpTOCNode Title="ThrowIfNotTemporary Method " Url="html/M_RI_Abstractions_Builder_IBuilderExtensions_ThrowIfNotTemporary.htm" />
          <HelpTOCNode Title="ThrowIfTemporary Method " Url="html/M_RI_Abstractions_Builder_IBuilderExtensions_ThrowIfTemporary.htm" />
          <HelpTOCNode Title="UseCallbackLogger(T) Method " Url="html/M_RI_Abstractions_Builder_IBuilderExtensions_UseCallbackLogger__1.htm" />
          <HelpTOCNode Title="UseSimpleContainer(T) Method " Url="html/M_RI_Abstractions_Builder_IBuilderExtensions_UseSimpleContainer__1.htm" />
        </HelpTOCNode>
      </HelpTOCNode>
      <HelpTOCNode Id="e4e003cf-1bfa-4655-aa59-83221d80f6f3" Title="LoggerBuilderExtensions Class" Url="html/T_RI_Abstractions_Builder_LoggerBuilderExtensions.htm">
        <HelpTOCNode Id="4d95992a-0441-43bb-8d4c-d34bfaf5274d" Title="LoggerBuilderExtensions Methods" Url="html/Methods_T_RI_Abstractions_Builder_LoggerBuilderExtensions.htm">
          <HelpTOCNode Title="UseLogger(T) Method " Url="html/M_RI_Abstractions_Builder_LoggerBuilderExtensions_UseLogger__1.htm" />
          <HelpTOCNode Title="UseLoggerFactory(T) Method " Url="html/M_RI_Abstractions_Builder_LoggerBuilderExtensions_UseLoggerFactory__1.htm" />
        </HelpTOCNode>
      </HelpTOCNode>
      <HelpTOCNode Id="fc3dff98-92a1-4cdd-ad92-d10770f8a44b" Title="ServiceCollectionBuilderExtensions Class" Url="html/T_RI_Abstractions_Builder_ServiceCollectionBuilderExtensions.htm">
        <HelpTOCNode Id="f95cd1be-4354-4a88-9549-758cc6e93de3" Title="ServiceCollectionBuilderExtensions Methods" Url="html/Methods_T_RI_Abstractions_Builder_ServiceCollectionBuilderExtensions.htm">
          <HelpTOCNode Title="UseServiceCollection(T) Method " Url="html/M_RI_Abstractions_Builder_ServiceCollectionBuilderExtensions_UseServiceCollection__1.htm" />
        </HelpTOCNode>
      </HelpTOCNode>
    </HelpTOCNode>
    <HelpTOCNode Id="71ca0584-090d-423d-a4d4-2c4975a97e71" Title="RI.Abstractions.Composition" Url="html/N_RI_Abstractions_Composition.htm">
      <HelpTOCNode Id="76aae8c3-b012-408c-8b46-242ab3d8e0ce" Title="CompositionRegistration Class" Url="html/T_RI_Abstractions_Composition_CompositionRegistration.htm">
        <HelpTOCNode Title="CompositionRegistration Constructor " Url="html/M_RI_Abstractions_Composition_CompositionRegistration__ctor.htm" />
        <HelpTOCNode Id="38541f0f-aa87-46c7-88de-56cacf0fc7d6" Title="CompositionRegistration Properties" Url="html/Properties_T_RI_Abstractions_Composition_CompositionRegistration.htm">
          <HelpTOCNode Title="AlwaysRegister Property " Url="html/P_RI_Abstractions_Composition_CompositionRegistration_AlwaysRegister.htm" />
          <HelpTOCNode Title="Contract Property " Url="html/P_RI_Abstractions_Composition_CompositionRegistration_Contract.htm" />
          <HelpTOCNode Title="Factory Property " Url="html/P_RI_Abstractions_Composition_CompositionRegistration_Factory.htm" />
          <HelpTOCNode Title="Implementation Property " Url="html/P_RI_Abstractions_Composition_CompositionRegistration_Implementation.htm" />
          <HelpTOCNode Title="Instance Property " Url="html/P_RI_Abstractions_Composition_CompositionRegistration_Instance.htm" />
          <HelpTOCNode Title="Mode Property " Url="html/P_RI_Abstractions_Composition_CompositionRegistration_Mode.htm" />
        </HelpTOCNode>
        <HelpTOCNode Id="6faf4ca8-addd-474d-8e5b-5c4ed87ddf06" Title="CompositionRegistration Methods" Url="html/Methods_T_RI_Abstractions_Composition_CompositionRegistration.htm">
          <HelpTOCNode Title="GetOrCreateInstance Method " Url="html/M_RI_Abstractions_Composition_CompositionRegistration_GetOrCreateInstance.htm" />
          <HelpTOCNode Id="fd4b0952-6e1b-4375-ad19-363d7390bc01" Title="Singleton Method " Url="html/Overload_RI_Abstractions_Composition_CompositionRegistration_Singleton.htm">
            <HelpTOCNode Title="Singleton Method (Type, Func(IServiceProvider, Object), Boolean)" Url="html/M_RI_Abstractions_Composition_CompositionRegistration_Singleton.htm" />
            <HelpTOCNode Title="Singleton Method (Type, Object, Boolean)" Url="html/M_RI_Abstractions_Composition_CompositionRegistration_Singleton_1.htm" />
            <HelpTOCNode Title="Singleton Method (Type, Type, Boolean)" Url="html/M_RI_Abstractions_Composition_CompositionRegistration_Singleton_2.htm" />
          </HelpTOCNode>
          <HelpTOCNode Id="99e8c194-86fb-476d-a9ad-c94bf4dbe918" Title="Temporary Method " Url="html/Overload_RI_Abstractions_Composition_CompositionRegistration_Temporary.htm">
            <HelpTOCNode Title="Temporary Method (Type, Func(IServiceProvider, Object))" Url="html/M_RI_Abstractions_Composition_CompositionRegistration_Temporary.htm" />
            <HelpTOCNode Title="Temporary Method (Type, Object)" Url="html/M_RI_Abstractions_Composition_CompositionRegistration_Temporary_1.htm" />
            <HelpTOCNode Title="Temporary Method (Type, Type)" Url="html/M_RI_Abstractions_Composition_CompositionRegistration_Temporary_2.htm" />
          </HelpTOCNode>
          <HelpTOCNode Title="ToString Method " Url="html/M_RI_Abstractions_Composition_CompositionRegistration_ToString.htm" />
          <HelpTOCNode Id="0baa1800-10c4-4129-9bfa-3c6e7fa74788" Title="Transient Method " Url="html/Overload_RI_Abstractions_Composition_CompositionRegistration_Transient.htm">
            <HelpTOCNode Title="Transient Method (Type, Func(IServiceProvider, Object), Boolean)" Url="html/M_RI_Abstractions_Composition_CompositionRegistration_Transient.htm" />
            <HelpTOCNode Title="Transient Method (Type, Type, Boolean)" Url="html/M_RI_Abstractions_Composition_CompositionRegistration_Transient_1.htm" />
          </HelpTOCNode>
        </HelpTOCNode>
      </HelpTOCNode>
      <HelpTOCNode Title="CompositionRegistrationMode Enumeration" Url="html/T_RI_Abstractions_Composition_CompositionRegistrationMode.htm" />
      <HelpTOCNode Id="5dd3f0c0-4a95-4ec3-89da-401879bb2218" Title="ICompositionContainer Interface" Url="html/T_RI_Abstractions_Composition_ICompositionContainer.htm">
        <HelpTOCNode Id="bbe0ffd6-6b83-480e-9387-928ecfc2bd07" Title="ICompositionContainer Methods" Url="html/Methods_T_RI_Abstractions_Composition_ICompositionContainer.htm">
          <HelpTOCNode Title="Register Method " Url="html/M_RI_Abstractions_Composition_ICompositionContainer_Register.htm" />
        </HelpTOCNode>
      </HelpTOCNode>
      <HelpTOCNode Id="1f1151ad-0cb2-4908-9997-0e4cbe0b13eb" Title="ServiceCollectionCompositionContainer Class" Url="html/T_RI_Abstractions_Composition_ServiceCollectionCompositionContainer.htm">
        <HelpTOCNode Title="ServiceCollectionCompositionContainer Constructor " Url="html/M_RI_Abstractions_Composition_ServiceCollectionCompositionContainer__ctor.htm" />
        <HelpTOCNode Id="5197de10-3321-4f0d-ae43-d129baa841a7" Title="ServiceCollectionCompositionContainer Properties" Url="html/Properties_T_RI_Abstractions_Composition_ServiceCollectionCompositionContainer.htm">
          <HelpTOCNode Title="UsedServiceCollection Property " Url="html/P_RI_Abstractions_Composition_ServiceCollectionCompositionContainer_UsedServiceCollection.htm" />
        </HelpTOCNode>
        <HelpTOCNode Id="bf2def71-0bbf-4bfd-aa10-518d439b5708" Title="ServiceCollectionCompositionContainer Methods" Url="html/Methods_T_RI_Abstractions_Composition_ServiceCollectionCompositionContainer.htm">
          <HelpTOCNode Title="Register Method " Url="html/M_RI_Abstractions_Composition_ServiceCollectionCompositionContainer_Register.htm" />
        </HelpTOCNode>
      </HelpTOCNode>
      <HelpTOCNode Id="dbc58588-1ca9-4dbb-a70e-ecfa6ddc8fdf" Title="SimpleContainer Class" Url="html/T_RI_Abstractions_Composition_SimpleContainer.htm">
        <HelpTOCNode Title="SimpleContainer Constructor " Url="html/M_RI_Abstractions_Composition_SimpleContainer__ctor.htm" />
        <HelpTOCNode Id="63717f54-bd6f-4673-9d4b-6559c007549c" Title="SimpleContainer Methods" Url="html/Methods_T_RI_Abstractions_Composition_SimpleContainer.htm">
          <HelpTOCNode Title="GetService Method " Url="html/M_RI_Abstractions_Composition_SimpleContainer_GetService.htm" />
          <HelpTOCNode Title="GetServices Method " Url="html/M_RI_Abstractions_Composition_SimpleContainer_GetServices.htm" />
          <HelpTOCNode Title="Register Method " Url="html/M_RI_Abstractions_Composition_SimpleContainer_Register.htm" />
        </HelpTOCNode>
      </HelpTOCNode>
    </HelpTOCNode>
    <HelpTOCNode Id="1f7dad45-dcb2-4edc-a45c-8f2f0f6fd8f3" Title="RI.Abstractions.Logging" Url="html/N_RI_Abstractions_Logging.htm">
      <HelpTOCNode Id="f3025b62-1453-4067-a866-bf54f543d1b5" Title="CallbackLogger Class" Url="html/T_RI_Abstractions_Logging_CallbackLogger.htm">
        <HelpTOCNode Title="CallbackLogger Constructor " Url="html/M_RI_Abstractions_Logging_CallbackLogger__ctor.htm" />
        <HelpTOCNode Id="62cad190-8b52-4983-9751-a95b050610a9" Title="CallbackLogger Methods" Url="html/Methods_T_RI_Abstractions_Logging_CallbackLogger.htm">
          <HelpTOCNode Title="Log Method " Url="html/M_RI_Abstractions_Logging_CallbackLogger_Log.htm" />
        </HelpTOCNode>
      </HelpTOCNode>
      <HelpTOCNode Title="CallbackLoggerDelegate Delegate" Url="html/T_RI_Abstractions_Logging_CallbackLoggerDelegate.htm" />
      <HelpTOCNode Id="541f50b5-154b-40f4-8b33-b997e3508e66" Title="ILogger Interface" Url="html/T_RI_Abstractions_Logging_ILogger.htm">
        <HelpTOCNode Id="be1d1b6e-aab9-40a4-80aa-ab3e280a8f95" Title="ILogger Methods" Url="html/Methods_T_RI_Abstractions_Logging_ILogger.htm">
          <HelpTOCNode Title="Log Method " Url="html/M_RI_Abstractions_Logging_ILogger_Log.htm" />
        </HelpTOCNode>
      </HelpTOCNode>
      <HelpTOCNode Id="63abf333-0756-483e-855b-4caf8c401713" Title="ILoggerExtensions Class" Url="html/T_RI_Abstractions_Logging_ILoggerExtensions.htm">
        <HelpTOCNode Id="4874d1c6-c579-4de8-8418-2f29dda63053" Title="ILoggerExtensions Methods" Url="html/Methods_T_RI_Abstractions_Logging_ILoggerExtensions.htm">
          <HelpTOCNode Title="Log Method " Url="html/M_RI_Abstractions_Logging_ILoggerExtensions_Log.htm" />
          <HelpTOCNode Title="LogDebug Method " Url="html/M_RI_Abstractions_Logging_ILoggerExtensions_LogDebug.htm" />
          <HelpTOCNode Title="LogError Method " Url="html/M_RI_Abstractions_Logging_ILoggerExtensions_LogError.htm" />
          <HelpTOCNode Title="LogFatal Method " Url="html/M_RI_Abstractions_Logging_ILoggerExtensions_LogFatal.htm" />
          <HelpTOCNode Title="LogInformation Method " Url="html/M_RI_Abstractions_Logging_ILoggerExtensions_LogInformation.htm" />
          <HelpTOCNode Title="LogWarning Method " Url="html/M_RI_Abstractions_Logging_ILoggerExtensions_LogWarning.htm" />
        </HelpTOCNode>
      </HelpTOCNode>
      <HelpTOCNode Id="d343a433-7379-4f7d-bce5-91948d2ba510" Title="Logger Class" Url="html/T_RI_Abstractions_Logging_Logger.htm">
        <HelpTOCNode Id="89b4b9ba-6ae7-4103-bbd0-afe48fd3fbf8" Title="Logger Constructor " Url="html/Overload_RI_Abstractions_Logging_Logger__ctor.htm">
          <HelpTOCNode Title="Logger Constructor (ILogger)" Url="html/M_RI_Abstractions_Logging_Logger__ctor.htm" />
          <HelpTOCNode Title="Logger Constructor (ILoggerFactory, String)" Url="html/M_RI_Abstractions_Logging_Logger__ctor_1.htm" />
        </HelpTOCNode>
        <HelpTOCNode Id="c73a09c0-15c2-45f7-9974-02d3e0eab0a4" Title="Logger Properties" Url="html/Properties_T_RI_Abstractions_Logging_Logger.htm">
          <HelpTOCNode Title="UsedLogger Property " Url="html/P_RI_Abstractions_Logging_Logger_UsedLogger.htm" />
        </HelpTOCNode>
        <HelpTOCNode Id="097477fe-5809-4832-8357-6fba183d3443" Title="Logger Methods" Url="html/Methods_T_RI_Abstractions_Logging_Logger.htm">
          <HelpTOCNode Title="Log Method " Url="html/M_RI_Abstractions_Logging_Logger_Log.htm" />
        </HelpTOCNode>
      </HelpTOCNode>
      <HelpTOCNode Title="LogLevel Enumeration" Url="html/T_RI_Abstractions_Logging_LogLevel.htm" />
    </HelpTOCNode>
  </HelpTOCNode>
</HelpTOC>
