﻿<?xml version="1.0" encoding="utf-8"?><HelpTOCNode Title="IBuilderExtensions Methods" Url="html/Methods_T_RI_Abstractions_Builder_IBuilderExtensions.htm"><HelpTOCNode Title="AddDefaultSingleton Method " Url="html/Overload_RI_Abstractions_Builder_IBuilderExtensions_AddDefaultSingleton.htm" HasChildren="true" /><HelpTOCNode Title="AddDefaultTemporary Method " Url="html/Overload_RI_Abstractions_Builder_IBuilderExtensions_AddDefaultTemporary.htm" HasChildren="true" /><HelpTOCNode Title="AddDefaultTransient Method " Url="html/Overload_RI_Abstractions_Builder_IBuilderExtensions_AddDefaultTransient.htm" HasChildren="true" /><HelpTOCNode Title="AddSingleton Method " Url="html/Overload_RI_Abstractions_Builder_IBuilderExtensions_AddSingleton.htm" HasChildren="true" /><HelpTOCNode Title="AddTemporary Method " Url="html/Overload_RI_Abstractions_Builder_IBuilderExtensions_AddTemporary.htm" HasChildren="true" /><HelpTOCNode Title="AddTransient Method " Url="html/Overload_RI_Abstractions_Builder_IBuilderExtensions_AddTransient.htm" HasChildren="true" /><HelpTOCNode Title="BuildStandalone Method " Url="html/M_RI_Abstractions_Builder_IBuilderExtensions_BuildStandalone.htm" /><HelpTOCNode Title="CountContracts Method " Url="html/M_RI_Abstractions_Builder_IBuilderExtensions_CountContracts.htm" /><HelpTOCNode Title="GetContract Method " Url="html/M_RI_Abstractions_Builder_IBuilderExtensions_GetContract.htm" /><HelpTOCNode Title="GetContracts Method " Url="html/M_RI_Abstractions_Builder_IBuilderExtensions_GetContracts.htm" /><HelpTOCNode Title="GetInstance Method " Url="html/Overload_RI_Abstractions_Builder_IBuilderExtensions_GetInstance.htm" HasChildren="true" /><HelpTOCNode Title="GetInstances Method " Url="html/Overload_RI_Abstractions_Builder_IBuilderExtensions_GetInstances.htm" HasChildren="true" /><HelpTOCNode Title="GetServiceProvider Method " Url="html/M_RI_Abstractions_Builder_IBuilderExtensions_GetServiceProvider.htm" /><HelpTOCNode Title="RemoveContracts Method " Url="html/M_RI_Abstractions_Builder_IBuilderExtensions_RemoveContracts.htm" /><HelpTOCNode Title="RemoveTemporaryContracts Method " Url="html/M_RI_Abstractions_Builder_IBuilderExtensions_RemoveTemporaryContracts.htm" /><HelpTOCNode Title="ThrowIfAlreadyBuilt Method " Url="html/M_RI_Abstractions_Builder_IBuilderExtensions_ThrowIfAlreadyBuilt.htm" /><HelpTOCNode Title="ThrowIfNotExactContractCount Method " Url="html/M_RI_Abstractions_Builder_IBuilderExtensions_ThrowIfNotExactContractCount.htm" /><HelpTOCNode Title="ThrowIfNotMaxContractCount Method " Url="html/M_RI_Abstractions_Builder_IBuilderExtensions_ThrowIfNotMaxContractCount.htm" /><HelpTOCNode Title="ThrowIfNotMinContractCount Method " Url="html/M_RI_Abstractions_Builder_IBuilderExtensions_ThrowIfNotMinContractCount.htm" /><HelpTOCNode Title="ThrowIfNotTemporary Method " Url="html/M_RI_Abstractions_Builder_IBuilderExtensions_ThrowIfNotTemporary.htm" /><HelpTOCNode Title="ThrowIfTemporary Method " Url="html/M_RI_Abstractions_Builder_IBuilderExtensions_ThrowIfTemporary.htm" /><HelpTOCNode Title="UseCallbackLogger(T) Method " Url="html/M_RI_Abstractions_Builder_IBuilderExtensions_UseCallbackLogger__1.htm" /><HelpTOCNode Title="UseSimpleContainer(T) Method " Url="html/M_RI_Abstractions_Builder_IBuilderExtensions_UseSimpleContainer__1.htm" /></HelpTOCNode>